0	-0.0447	0	-0.003	0
0.0117	1.2816	0.0008	0.0854	0.094
0.0205	2.6328	0.0014	0.1755	0.114
0.0267	4.0915	0.0018	0.2728	0.128
0.0314	5.5357	0.0021	0.369	0.14
0.0366	6.9483	0.0024	0.4632	0.152
0.0422	8.2557	0.0028	0.5504	0.164
0.0495	9.7026	0.0033	0.6468	0.178
0.0561	11.1448	0.0037	0.743	0.192
0.0619	12.543	0.0041	0.8362	0.206
0.0678	13.8312	0.0045	0.9221	0.22
0.0747	15.237	0.005	1.0158	0.236
0.0808	16.6202	0.0054	1.108	0.252
0.0862	17.9219	0.0057	1.1948	0.268
0.0922	19.2364	0.0061	1.2824	0.286
0.0997	20.5867	0.0066	1.3724	0.306
0.1064	21.914	0.0071	1.4609	0.324
0.1116	23.2151	0.0074	1.5477	0.34
0.1169	24.6041	0.0078	1.6403	0.358
0.1237	25.9714	0.0082	1.7314	0.378
0.1306	27.2326	0.0087	1.8155	0.396
0.1372	28.6108	0.0091	1.9074	0.414
0.1431	29.9947	0.0095	1.9996	0.432
0.1487	31.2648	0.0099	2.0843	0.45
0.1556	32.6116	0.0104	2.1741	0.47
0.1622	33.8992	0.0108	2.2599	0.488
0.1683	35.2702	0.0112	2.3513	0.506
0.1737	36.5948	0.0116	2.4397	0.524
0.1806	37.9364	0.012	2.5291	0.544
0.1884	39.3161	0.0126	2.6211	0.564
0.1944	40.7051	0.013	2.7137	0.582
0.1997	42.0537	0.0133	2.8036	0.6
0.2059	43.3949	0.0137	2.893	0.62
0.213	44.7307	0.0142	2.982	0.64
0.2197	46.0724	0.0146	3.0715	0.658
0.2253	47.3929	0.015	3.1595	0.674
0.2302	48.7418	0.0153	3.2495	0.69
0.2358	50.1337	0.0157	3.3422	0.708
0.242	51.4583	0.0161	3.4306	0.726
0.2483	52.8535	0.0166	3.5236	0.744
0.2533	54.1153	0.0169	3.6077	0.76
0.2589	55.4706	0.0173	3.698	0.778
0.2656	56.8465	0.0177	3.7898	0.798
0.273	58.2421	0.0182	3.8828	0.818
0.2791	59.6407	0.0186	3.976	0.836
0.2844	61.017	0.019	4.0678	0.854
0.2905	62.3333	0.0194	4.1556	0.874
0.2983	63.7036	0.0199	4.2469	0.896
0.3058	65.0835	0.0204	4.3389	0.916
0.3116	66.3751	0.0208	4.425	0.934
0.3172	67.7156	0.0211	4.5144	0.954
0.3242	68.9986	0.0216	4.5999	0.976
0.3322	70.3628	0.0221	4.6909	0.998
0.3381	71.6188	0.0225	4.7746	1.016
0.3444	72.9948	0.023	4.8663	1.036
0.3514	74.2561	0.0234	4.9504	1.056
0.3584	75.5702	0.0239	5.038	1.076
0.3648	76.9146	0.0243	5.1276	1.096
0.3712	78.2532	0.0247	5.2169	1.118
0.3803	79.6081	0.0254	5.3072	1.144
0.3891	80.8642	0.0259	5.3909	1.166
0.3959	82.1257	0.0264	5.475	1.186
0.4025	83.3815	0.0268	5.5588	1.208
0.4122	84.7138	0.0275	5.6476	1.236
0.4219	85.9942	0.0281	5.7329	1.264
0.432	87.2577	0.0288	5.8172	1.298
0.4433	88.5803	0.0296	5.9054	1.33
0.4516	89.8752	0.0301	5.9917	1.354
0.4597	91.1701	0.0306	6.078	1.38
0.4709	92.4677	0.0314	6.1645	1.412
0.4803	93.7944	0.032	6.253	1.44
0.4887	95.0751	0.0326	6.3383	1.468
0.4989	96.3575	0.0333	6.4238	1.496
0.5067	97.6753	0.0338	6.5117	1.518
0.5133	98.9847	0.0342	6.599	1.54
0.5227	100.3042	0.0348	6.6869	1.568
0.5322	101.6127	0.0355	6.7742	1.596
0.5403	102.8798	0.036	6.8587	1.622
0.5531	104.1387	0.0369	6.9426	1.66
0.5647	105.4314	0.0376	7.0288	1.692
0.5733	106.7001	0.0382	7.1133	1.72
0.5852	108.0041	0.039	7.2003	1.754
0.5945	109.2617	0.0396	7.2841	1.784
0.6083	110.5467	0.0406	7.3698	1.828
0.6216	111.8486	0.0414	7.4566	1.866
0.6486	113.1114	0.0432	7.5408	1.944
0.6809	114.3351	0.0454	7.6223	2.044
0.7087	113.0782	0.0472	7.5385	2.126
0.7142	111.8112	0.0476	7.4541	2.144
0.7197	110.4721	0.048	7.3648	2.16
0.7256	109.118	0.0484	7.2745	2.176
0.733	107.8056	0.0489	7.187	2.196
0.7395	106.4491	0.0493	7.0966	2.218
0.7437	105.1004	0.0496	7.0067	2.232
0.7477	103.8314	0.0498	6.9221	2.244
0.7528	102.4828	0.0502	6.8322	2.258
0.7584	101.1821	0.0506	6.7455	2.274
0.7641	99.8155	0.0509	6.6544	2.292
0.7694	98.4773	0.0513	6.5652	2.31
0.775	97.1814	0.0517	6.4788	2.328
0.7822	95.8466	0.0521	6.3898	2.348
0.7923	94.5707	0.0528	6.3047	2.376
0.8012	93.2898	0.0534	6.2193	2.404
0.81	91.9802	0.054	6.132	2.428
0.8227	90.6786	0.0548	6.0452	2.466
0.8366	89.4097	0.0558	5.9606	2.51
0.8708	88.6807	0.0581	5.912	2.61
0.9039	88.2448	0.0603	5.883	2.71
0.9364	87.9577	0.0624	5.8638	2.81
0.9694	87.2878	0.0646	5.8192	2.91
0.9905	86.0191	0.066	5.7346	2.974
1.0248	85.0276	0.0683	5.6685	3.074
1.0577	84.1596	0.0705	5.6106	3.174
1.0916	83.7267	0.0728	5.5818	3.274
1.1242	83.2334	0.0749	5.5489	3.374
1.1586	83.47	0.0772	5.5647	3.474
1.1916	83.3815	0.0794	5.5588	3.574
1.2247	83.5368	0.0816	5.5691	3.674
1.2573	83.2074	0.0838	5.5472	3.774
1.29	83.0681	0.086	5.5379	3.874
1.3242	83.0487	0.0883	5.5366	3.974
1.3587	82.9799	0.0906	5.532	4.074
1.3917	82.4875	0.0928	5.4992	4.174
1.4247	81.9781	0.095	5.4652	4.274
1.457	81.3705	0.0971	5.4247	4.374
1.4916	81.0908	0.0994	5.4061	4.474
1.5252	80.2841	0.1017	5.3523	4.574
1.5414	78.9861	0.1028	5.2657	4.626
1.5737	78.0398	0.1049	5.2027	4.726
1.6078	76.8638	0.1072	5.1243	4.826
1.6427	76.5244	0.1095	5.1016	4.926
1.6758	76.5226	0.1117	5.1015	5.026
1.708	76.256	0.1139	5.0837	5.126
1.7409	76.5068	0.1161	5.1005	5.226
1.7755	76.4117	0.1184	5.0941	5.326
1.8094	76.1335	0.1206	5.0756	5.426
1.843	75.9081	0.1229	5.0605	5.526
1.875	75.6738	0.125	5.0449	5.626
1.9073	75.4422	0.1272	5.0295	5.726
1.9416	75.0734	0.1294	5.0049	5.826
1.9627	73.7359	0.1308	4.9157	5.888
1.9911	72.4732	0.1327	4.8315	5.974
2.0237	71.975	0.1349	4.7983	6.074
2.0586	72.017	0.1372	4.8011	6.174
2.092	71.6562	0.1395	4.7771	6.274
2.1252	71.6974	0.1417	4.7798	6.374
2.1581	71.6672	0.1439	4.7778	6.474
2.1908	71.7103	0.1461	4.7807	6.574
2.2239	71.4022	0.1483	4.7601	6.674
2.2575	71.4435	0.1505	4.7629	6.774
2.2914	71.6001	0.1528	4.7733	6.874
2.3244	71.5657	0.155	4.771	6.974
2.3577	71.969	0.1572	4.7979	7.074
2.3911	72.1282	0.1594	4.8085	7.174
2.4248	71.9796	0.1617	4.7986	7.274
2.4577	71.921	0.1638	4.7947	7.374
2.4912	71.9416	0.1661	4.7961	7.474
2.5242	72.0426	0.1683	4.8028	7.574
2.5578	72.0718	0.1705	4.8048	7.674
2.5914	72.0403	0.1728	4.8027	7.774
2.6247	71.9939	0.175	4.7996	7.874
2.6581	71.8684	0.1772	4.7912	7.974
2.6917	71.8897	0.1794	4.7926	8.074
2.7256	71.9578	0.1817	4.7972	8.174
2.7583	71.8826	0.1839	4.7922	8.274
2.7906	71.8014	0.186	4.7868	8.374
2.8231	71.6126	0.1882	4.7742	8.474
2.8577	71.7278	0.1905	4.7819	8.574
2.8927	71.8268	0.1928	4.7885	8.674
2.925	72.24	0.195	4.816	8.774
2.9575	71.5695	0.1972	4.7713	8.874
2.9905	71.5084	0.1994	4.7672	8.974
3.025	71.5953	0.2017	4.773	9.074
3.0587	71.4357	0.2039	4.7624	9.174
3.0917	71.5511	0.2061	4.7701	9.274
3.1239	71.5463	0.2083	4.7698	9.374
3.157	71.6683	0.2105	4.7779	9.474
3.1906	71.6044	0.2127	4.7736	9.574
3.225	71.5612	0.215	4.7707	9.674
3.2586	71.4631	0.2172	4.7642	9.774
3.292	71.3509	0.2195	4.7567	9.874
3.3241	71.4066	0.2216	4.7604	9.974
3.358	71.5454	0.2239	4.7697	10.074
3.3911	71.2581	0.2261	4.7505	10.174
3.4245	71.2038	0.2283	4.7469	10.274
3.4575	71.0869	0.2305	4.7391	10.374
3.4909	71.4245	0.2327	4.7616	10.474
3.5242	71.4251	0.2349	4.7617	10.574
3.5578	71.3907	0.2372	4.7594	10.674
3.5912	71.1841	0.2394	4.7456	10.774
3.6244	71.0126	0.2416	4.7342	10.874
3.6583	71.1514	0.2439	4.7434	10.974
3.6919	71.2264	0.2461	4.7484	11.074
3.7244	71.1119	0.2483	4.7408	11.174
3.7573	71.0222	0.2505	4.7348	11.274
3.7902	70.9068	0.2527	4.7271	11.374
3.8244	71.0979	0.255	4.7399	11.474
3.8591	71.269	0.2573	4.7513	11.574
3.8914	71.1584	0.2594	4.7439	11.674
3.9244	71.1834	0.2616	4.7456	11.774
3.9572	71.0555	0.2638	4.737	11.874
3.9919	71.2534	0.2661	4.7502	11.974
4.0255	71.1002	0.2684	4.74	12.074
4.0578	70.9929	0.2705	4.7329	12.174
4.0908	71.0899	0.2727	4.7393	12.274
4.1241	71.818	0.2749	4.7879	12.374
4.1572	71.3434	0.2771	4.7562	12.474
4.1912	71.1773	0.2794	4.7452	12.574
4.2252	71.1702	0.2817	4.7447	12.674
4.2586	71.2388	0.2839	4.7493	12.774
4.2914	71.4723	0.2861	4.7648	12.874
4.3244	71.3995	0.2883	4.76	12.974
4.3575	71.203	0.2905	4.7469	13.074
4.3912	71.1239	0.2927	4.7416	13.174
4.425	71.1766	0.295	4.7451	13.274
4.4583	71.4231	0.2972	4.7615	13.374
4.4909	71.384	0.2994	4.7589	13.474
4.5237	71.2732	0.3016	4.7515	13.574
4.5586	71.2019	0.3039	4.7468	13.674
4.5922	71.0285	0.3061	4.7352	13.774
4.6252	71.097	0.3083	4.7398	13.874
4.6578	71.0539	0.3105	4.7369	13.974
4.6903	70.9947	0.3127	4.733	14.074
4.7242	71.0066	0.3149	4.7338	14.174
4.7572	70.9421	0.3171	4.7295	14.274
4.7912	71.1113	0.3194	4.7408	14.374
4.8244	71.1903	0.3216	4.746	14.474
4.8575	71.3212	0.3238	4.7547	14.574
4.8919	71.4584	0.3261	4.7639	14.674
4.9244	71.1569	0.3283	4.7438	14.774
4.9577	71.1665	0.3305	4.7444	14.874
4.9908	71.1423	0.3327	4.7428	14.974
5.025	71.4054	0.335	4.7604	15.074
5.0583	71.3108	0.3372	4.7541	15.174
5.0908	71.2077	0.3394	4.7472	15.274
5.1245	71.2829	0.3416	4.7522	15.374
5.1569	71.0839	0.3438	4.7389	15.474
5.192	71.4779	0.3461	4.7652	15.574
5.2259	71.3829	0.3484	4.7589	15.674
5.258	71.2574	0.3505	4.7505	15.774
5.2902	71.2199	0.3527	4.748	15.874
5.323	71.1076	0.3549	4.7405	15.974
5.3578	71.3801	0.3572	4.7587	16.074
5.392	71.1641	0.3595	4.7443	16.174
5.4255	71.5842	0.3617	4.7723	16.274
5.458	71.4467	0.3639	4.7631	16.374
5.4902	71.1475	0.366	4.7432	16.474
5.5248	71.2751	0.3683	4.7517	16.574
5.5594	71.3608	0.3706	4.7574	16.674
5.5922	71.2596	0.3728	4.7506	16.774
5.6239	71.1243	0.3749	4.7416	16.874
5.6566	71.4214	0.3771	4.7614	16.974
5.6909	71.5843	0.3794	4.7723	17.074
5.7247	71.5066	0.3816	4.7671	17.174
5.7587	71.5368	0.3839	4.7691	17.274
5.7914	71.3111	0.3861	4.7541	17.374
5.8244	71.5628	0.3883	4.7709	17.474
5.858	71.544	0.3905	4.7696	17.574
5.8912	71.4543	0.3927	4.7636	17.674
5.9253	71.3013	0.395	4.7534	17.774
5.957	71.0527	0.3971	4.7368	17.874
5.9908	71.4753	0.3994	4.765	17.974
6.0241	71.5368	0.4016	4.7691	18.074
6.0578	71.5608	0.4039	4.7707	18.174
6.0927	71.6022	0.4062	4.7735	18.274
6.1248	71.5764	0.4083	4.7718	18.374
6.1583	71.4803	0.4106	4.7654	18.474
6.1919	71.5751	0.4128	4.7717	18.574
6.2247	71.503	0.415	4.7669	18.674
6.2577	71.413	0.4172	4.7609	18.774
6.2902	71.2422	0.4193	4.7495	18.874
6.3245	71.4174	0.4216	4.7612	18.974
6.3583	71.3975	0.4239	4.7598	19.074
6.3916	71.3733	0.4261	4.7582	19.174
6.4244	71.2641	0.4283	4.7509	19.274
6.4575	71.184	0.4305	4.7456	19.374
6.4908	71.1196	0.4327	4.7413	19.474
6.5252	71.0396	0.435	4.736	19.574
6.5586	70.9599	0.4372	4.7307	19.674
6.5911	70.6386	0.4394	4.7092	19.774
6.6234	70.6755	0.4416	4.7117	19.874
6.657	70.7223	0.4438	4.7148	19.974
6.6909	70.6524	0.4461	4.7102	20.074
6.7253	70.7751	0.4484	4.7183	20.174
6.7584	70.6551	0.4506	4.7103	20.274
6.7908	70.8129	0.4527	4.7209	20.374
6.8245	70.9844	0.455	4.7323	20.474
6.8572	70.8615	0.4571	4.7241	20.574
6.8928	71.0283	0.4595	4.7352	20.674
6.9252	71.1539	0.4617	4.7436	20.774
6.9583	71.0785	0.4639	4.7386	20.874
6.9909	70.9464	0.4661	4.7298	20.974
7.0242	70.9303	0.4683	4.7287	21.074
7.0581	70.9733	0.4705	4.7316	21.174
7.0917	70.9336	0.4728	4.7289	21.274
7.125	71.0603	0.475	4.7374	21.374
7.1578	70.9701	0.4772	4.7313	21.474
7.1903	71.047	0.4794	4.7365	21.574
7.2244	71.0637	0.4816	4.7376	21.674
7.2573	70.9402	0.4838	4.7293	21.774
7.2914	71.0516	0.4861	4.7368	21.874
7.3255	70.992	0.4884	4.7328	21.974
7.3577	70.9427	0.4905	4.7295	22.074
7.3917	70.9223	0.4928	4.7282	22.174
7.4242	70.6582	0.4949	4.7105	22.274
7.4581	70.6155	0.4972	4.7077	22.374
7.4902	70.2879	0.4993	4.6859	22.474
7.5241	70.4107	0.5016	4.694	22.574
7.5545	69.1438	0.5036	4.6096	22.664
7.5875	68.0364	0.5058	4.5358	22.764
7.6212	67.8097	0.5081	4.5206	22.864
7.6541	67.3998	0.5103	4.4933	22.964
7.6887	67.5064	0.5126	4.5004	23.064
7.7225	67.4444	0.5148	4.4963	23.164
7.755	67.4506	0.517	4.4967	23.264
7.7878	67.4358	0.5192	4.4957	23.364
7.8195	67.2135	0.5213	4.4809	23.464
7.8548	67.4115	0.5237	4.4941	23.564
7.8883	67.2787	0.5259	4.4852	23.664
7.9219	67.3999	0.5281	4.4933	23.764
7.9541	67.3495	0.5303	4.49	23.864
7.9873	67.4824	0.5325	4.4988	23.964
8.0217	67.4765	0.5348	4.4984	24.064
8.0547	67.362	0.537	4.4908	24.164
8.0884	67.3944	0.5392	4.493	24.264
8.1212	67.4897	0.5414	4.4993	24.364
8.1539	67.5732	0.5436	4.5049	24.464
8.1878	67.696	0.5459	4.5131	24.564
8.2208	67.5653	0.5481	4.5044	24.664
8.2553	67.6285	0.5504	4.5086	24.764
8.2883	67.4364	0.5526	4.4958	24.864
8.3216	67.6125	0.5548	4.5075	24.964
8.3552	67.7114	0.557	4.5141	25.064
8.3877	67.5697	0.5592	4.5046	25.164
8.4211	67.5752	0.5614	4.505	25.264
8.4533	67.4466	0.5636	4.4964	25.364
8.4878	67.7695	0.5659	4.518	25.464
8.5216	67.8026	0.5681	4.5202	25.564
8.5547	67.8842	0.5703	4.5256	25.664
8.5875	67.8528	0.5725	4.5235	25.764
8.6206	67.7094	0.5747	4.514	25.864
8.655	68.0406	0.577	4.536	25.964
8.6886	67.9415	0.5792	4.5294	26.064
8.7217	68.0421	0.5814	4.5361	26.164
8.7541	67.9513	0.5836	4.5301	26.264
8.7864	67.9454	0.5858	4.5297	26.364
8.8205	68.0556	0.588	4.537	26.464
8.8555	68.2905	0.5904	4.5527	26.564
8.8887	68.1821	0.5926	4.5455	26.664
8.9219	68.157	0.5948	4.5438	26.764
8.9536	68.0808	0.5969	4.5387	26.864
8.9878	68.1959	0.5992	4.5464	26.964
9.0216	68.1606	0.6014	4.544	27.064
9.0553	68.11	0.6037	4.5407	27.164
9.0883	68.1469	0.6059	4.5431	27.264
9.1202	68.3679	0.608	4.5579	27.364
9.1541	68.471	0.6103	4.5647	27.464
9.1878	68.4837	0.6125	4.5656	27.564
9.2223	68.441	0.6148	4.5627	27.664
9.2552	68.3811	0.617	4.5587	27.764
9.2881	68.5802	0.6192	4.572	27.864
9.3211	68.6489	0.6214	4.5766	27.964
9.3539	68.5456	0.6236	4.5697	28.064
9.3884	68.4988	0.6259	4.5666	28.164
9.4206	68.3835	0.628	4.5589	28.264
9.4545	68.6044	0.6303	4.5736	28.364
9.4878	68.7378	0.6325	4.5825	28.464
9.5206	68.6874	0.6347	4.5792	28.564
9.5559	68.7716	0.6371	4.5848	28.664
9.5875	68.4629	0.6392	4.5642	28.764
9.6222	68.7227	0.6415	4.5815	28.864
9.655	68.6176	0.6437	4.5745	28.964
9.687	68.6307	0.6458	4.5754	29.064
9.7216	68.7883	0.6481	4.5859	29.164
9.753	68.6474	0.6502	4.5765	29.264
9.7869	68.7387	0.6525	4.5826	29.364
9.8214	68.9048	0.6548	4.5937	29.464
9.8545	68.9365	0.657	4.5958	29.564
9.8884	68.992	0.6592	4.5995	29.664
9.9206	68.9101	0.6614	4.594	29.764
9.9542	68.9067	0.6636	4.5938	29.864
9.9878	68.8851	0.6659	4.5923	29.964
10.0212	68.9529	0.6681	4.5969	30.064
10.0548	69.065	0.6703	4.6043	30.164
10.088	69.6841	0.6725	4.6456	30.264
10.1211	69.2392	0.6747	4.6159	30.364
10.1539	69.0373	0.6769	4.6025	30.464
10.1891	69.1512	0.6793	4.6101	30.564
10.2225	69.0665	0.6815	4.6044	30.664
10.2545	69.1793	0.6836	4.612	30.764
10.2878	69.198	0.6859	4.6132	30.864
10.32	69.0644	0.688	4.6043	30.964
10.3542	69.1402	0.6903	4.6093	31.064
10.3881	69.1866	0.6925	4.6124	31.164
10.4214	69.3776	0.6948	4.6252	31.264
10.4547	69.42	0.697	4.628	31.364
10.487	69.4217	0.6991	4.6281	31.464
10.5216	69.4621	0.7014	4.6308	31.564
10.5553	69.4048	0.7037	4.627	31.664
10.5886	69.4018	0.7059	4.6268	31.764
10.6211	69.3338	0.7081	4.6223	31.864
10.6539	69.5015	0.7103	4.6334	31.964
10.6875	69.5785	0.7125	4.6386	32.064
10.7212	69.5341	0.7147	4.6356	32.164
10.7552	69.5572	0.717	4.6371	32.264
10.7877	69.4211	0.7192	4.6281	32.364
10.8217	69.7163	0.7214	4.6478	32.464
10.8547	69.6265	0.7236	4.6418	32.564
10.8878	69.4883	0.7259	4.6326	32.664
10.9208	69.4921	0.7281	4.6328	32.764
10.9539	69.4706	0.7303	4.6314	32.864
10.9877	69.6101	0.7325	4.6407	32.964
11.0217	69.6991	0.7348	4.6466	33.064
11.0548	69.7517	0.737	4.6501	33.164
11.0875	69.5925	0.7392	4.6395	33.264
11.1208	69.6439	0.7414	4.6429	33.364
11.1544	69.6555	0.7436	4.6437	33.464
11.1884	69.7429	0.7459	4.6495	33.564
11.2222	69.7923	0.7481	4.6528	33.664
11.2539	69.7453	0.7503	4.6497	33.764
11.2867	69.6463	0.7524	4.6431	33.864
11.3212	69.7953	0.7547	4.653	33.964
11.3562	69.8281	0.7571	4.6552	34.064
11.3897	69.8411	0.7593	4.6561	34.164
11.4212	69.8574	0.7614	4.6572	34.264
11.4533	69.6243	0.7636	4.6416	34.364
11.4883	69.7683	0.7659	4.6512	34.464
11.5217	69.678	0.7681	4.6452	34.564
11.5547	69.555	0.7703	4.637	34.664
11.5883	69.5672	0.7726	4.6378	34.764
11.6197	69.5876	0.7746	4.6392	34.864
11.6542	69.8088	0.7769	4.6539	34.964
11.688	69.6971	0.7792	4.6465	35.064
11.722	69.529	0.7815	4.6353	35.164
11.755	69.5754	0.7837	4.6384	35.264
11.7878	69.616	0.7859	4.6411	35.364
11.8209	69.5734	0.7881	4.6382	35.464
11.8344	68.3195	0.789	4.5546	35.502
11.867	67.2054	0.7911	4.4804	35.602
11.8998	66.9974	0.7933	4.4665	35.702
11.9342	66.9844	0.7956	4.4656	35.802
11.967	67.0135	0.7978	4.4676	35.902
12.0011	67.0146	0.8001	4.4676	36.002
12.0339	66.7521	0.8023	4.4501	36.102
12.0678	66.8952	0.8045	4.4597	36.202
12.1017	66.8966	0.8068	4.4598	36.302
12.1341	66.9733	0.8089	4.4649	36.402
12.1666	67.0193	0.8111	4.468	36.502
12.1989	66.9515	0.8133	4.4634	36.602
12.2337	67.1538	0.8156	4.4769	36.702
12.2683	67.2089	0.8179	4.4806	36.802
12.3006	67.297	0.82	4.4865	36.902
12.3333	67.252	0.8222	4.4835	37.002
12.3664	67.3813	0.8244	4.4921	37.102
12.4011	67.4001	0.8267	4.4933	37.202
12.4352	67.2129	0.829	4.4809	37.302
12.4683	67.2942	0.8312	4.4863	37.402
12.5002	67.1507	0.8333	4.4767	37.502
12.532	67.219	0.8355	4.4813	37.602
12.5672	67.4105	0.8378	4.494	37.702
12.6011	67.3389	0.8401	4.4893	37.802
12.6348	67.2815	0.8423	4.4854	37.902
12.6673	67.244	0.8445	4.4829	38.002
12.7002	67.3233	0.8467	4.4882	38.102
12.7342	67.3354	0.8489	4.489	38.202
12.7669	67.1165	0.8511	4.4744	38.302
12.8011	67.1393	0.8534	4.476	38.402
12.8334	67.0914	0.8556	4.4728	38.502
12.867	67.4684	0.8578	4.4979	38.602
12.9006	67.3649	0.86	4.491	38.702
12.9337	67.3386	0.8622	4.4892	38.802
12.9673	67.2541	0.8645	4.4836	38.902
13.0008	67.2122	0.8667	4.4808	39.002
13.0345	67.3872	0.869	4.4925	39.102
13.0675	67.3478	0.8712	4.4899	39.202
13.1005	67.4016	0.8734	4.4934	39.302
13.1334	67.3523	0.8756	4.4902	39.402
13.1655	67.1745	0.8777	4.4783	39.502
13.2009	67.4645	0.8801	4.4976	39.602
13.2344	67.4345	0.8823	4.4956	39.702
13.2675	67.444	0.8845	4.4963	39.802
13.3009	67.413	0.8867	4.4942	39.902
13.3331	67.2065	0.8889	4.4804	40.002
13.3677	67.3519	0.8912	4.4901	40.102
13.4008	67.2545	0.8934	4.4836	40.202
13.4342	67.2985	0.8956	4.4866	40.302
13.4677	67.2588	0.8978	4.4839	40.402
13.4995	67.5379	0.9	4.5025	40.502
13.5337	67.4448	0.9022	4.4963	40.602
13.5672	67.3362	0.9045	4.4891	40.702
13.6016	67.332	0.9068	4.4888	40.802
13.6347	67.3154	0.909	4.4877	40.902
13.6667	67.3482	0.9111	4.4899	41.002
13.7003	67.3582	0.9134	4.4905	41.102
13.7331	67.2925	0.9155	4.4862	41.202
13.7678	67.2451	0.9179	4.483	41.302
13.8005	67.1716	0.92	4.4781	41.402
13.8339	67.3682	0.9223	4.4912	41.502
13.8664	67.3319	0.9244	4.4888	41.602
13.8998	67.354	0.9267	4.4903	41.702
13.9345	67.2725	0.929	4.4848	41.802
13.968	67.1923	0.9312	4.4795	41.902
14.0011	67.2719	0.9334	4.4848	42.002
14.0336	67.2578	0.9356	4.4839	42.102
14.0661	67.2116	0.9377	4.4808	42.202
14.1005	67.2698	0.94	4.4847	42.302
14.1336	67.0644	0.9422	4.471	42.402
14.1672	67.1651	0.9445	4.4777	42.502
14.2003	67.1836	0.9467	4.4789	42.602
14.2333	67.306	0.9489	4.4871	42.702
14.2681	67.3716	0.9512	4.4914	42.802
14.3012	67.1622	0.9534	4.4775	42.902
14.335	67.4262	0.9557	4.4951	43.002
14.3675	66.9579	0.9578	4.4639	43.102
14.4002	66.943	0.96	4.4629	43.202
14.4341	67.0896	0.9623	4.4726	43.302
14.4666	67.0656	0.9644	4.471	43.402
14.5006	67.1644	0.9667	4.4776	43.502
14.5334	66.9861	0.9689	4.4657	43.602
14.5678	67.2501	0.9712	4.4833	43.702
14.6019	67.2541	0.9735	4.4836	43.802
14.6337	67.1787	0.9756	4.4786	43.902
14.667	67.1582	0.9778	4.4772	44.002
14.7	67.0007	0.98	4.4667	44.102
14.7337	67.0676	0.9822	4.4712	44.202
14.7678	67.0336	0.9845	4.4689	44.302
14.8005	67.2061	0.9867	4.4804	44.402
14.8337	67.3299	0.9889	4.4887	44.502
14.8655	67.1542	0.991	4.4769	44.602
14.9005	67.2356	0.9934	4.4824	44.702
14.9347	67.2466	0.9956	4.4831	44.802
14.9678	67.2747	0.9979	4.485	44.902
15	67.1559	1	4.4771	45.002
15.0328	67.2435	1.0022	4.4829	45.102
15.0672	67.293	1.0045	4.4862	45.202
15.1012	67.2434	1.0067	4.4829	45.302
15.1345	67.1909	1.009	4.4794	45.402
15.1683	67.2455	1.0112	4.483	45.502
15.2006	67.2866	1.0134	4.4858	45.602
15.2344	67.2811	1.0156	4.4854	45.702
15.2677	67.1602	1.0178	4.4773	45.802
15.3008	67.1201	1.0201	4.4747	45.902
15.3333	66.9928	1.0222	4.4662	46.002
15.3669	67.272	1.0245	4.4848	46.102
15.4003	67.3245	1.0267	4.4883	46.202
15.4336	67.3715	1.0289	4.4914	46.302
15.467	67.2741	1.0311	4.4849	46.402
15.5008	67.246	1.0334	4.4831	46.502
15.5348	67.4132	1.0357	4.4942	46.602
15.568	67.4735	1.0379	4.4982	46.702
15.5998	67.3417	1.04	4.4894	46.802
15.6334	67.3836	1.0422	4.4922	46.902
15.6661	67.273	1.0444	4.4849	47.002
15.7005	67.4009	1.0467	4.4934	47.102
15.7342	67.5009	1.0489	4.5001	47.202
15.7675	67.51	1.0512	4.5007	47.302
15.8006	67.4593	1.0534	4.4973	47.402
15.8331	67.2974	1.0555	4.4865	47.502
15.8675	67.3988	1.0578	4.4933	47.602
15.9011	67.4012	1.0601	4.4934	47.702
15.9344	67.3591	1.0623	4.4906	47.802
15.9675	67.367	1.0645	4.4911	47.902
15.9991	67.3282	1.0666	4.4885	48.002
16.0333	67.4678	1.0689	4.4979	48.102
16.067	67.4165	1.0711	4.4944	48.202
16.1011	67.4528	1.0734	4.4969	48.302
16.1352	67.4211	1.0757	4.4947	48.402
16.1667	67.4593	1.0778	4.4973	48.502
16.2003	67.5008	1.08	4.5001	48.602
16.2331	67.3828	1.0822	4.4922	48.702
16.2677	67.4035	1.0845	4.4936	48.802
16.3008	67.2558	1.0867	4.4837	48.902
16.3339	67.4696	1.0889	4.498	49.002
16.3673	67.5346	1.0912	4.5023	49.102
16.4002	67.5595	1.0933	4.504	49.202
16.4344	67.472	1.0956	4.4981	49.302
16.4683	67.3423	1.0979	4.4895	49.402
16.5009	67.4141	1.1001	4.4943	49.502
16.5337	67.4575	1.1022	4.4972	49.602
16.5659	67.4302	1.1044	4.4953	49.702
16.6006	67.5393	1.1067	4.5026	49.802
16.6334	67.4125	1.1089	4.4942	49.902
16.6678	67.6022	1.1112	4.5068	50.002
16.7005	67.6099	1.1134	4.5073	50.102
16.7334	67.7017	1.1156	4.5134	50.202
16.7672	67.7639	1.1178	4.5176	50.302
16.8009	67.665	1.1201	4.511	50.402
16.8336	67.6254	1.1222	4.5084	50.502
16.8669	67.5783	1.1245	4.5052	50.602
16.9006	67.7549	1.1267	4.517	50.702
16.9342	67.7439	1.1289	4.5163	50.802
16.9673	67.7341	1.1312	4.5156	50.902
17.0011	67.718	1.1334	4.5145	51.002
17.0334	67.5263	1.1356	4.5018	51.102
17.0677	67.7349	1.1378	4.5157	51.202
17.1019	67.7773	1.1401	4.5185	51.302
17.1341	67.7363	1.1423	4.5158	51.402
17.1662	67.6534	1.1444	4.5102	51.502
17.1992	67.6381	1.1466	4.5092	51.602
17.2333	67.7001	1.1489	4.5133	51.702
17.2675	67.7706	1.1512	4.518	51.802
17.3008	67.774	1.1534	4.5183	51.902
17.3333	67.7782	1.1556	4.5185	52.002
17.3661	67.7255	1.1577	4.515	52.102
17.4012	67.8693	1.1601	4.5246	52.202
17.4345	67.685	1.1623	4.5123	52.302
17.468	67.6917	1.1645	4.5128	52.402
17.5002	67.6798	1.1667	4.512	52.502
17.5341	68.313	1.1689	4.5542	52.602
17.5672	67.8284	1.1711	4.5219	52.702
17.6009	67.6126	1.1734	4.5075	52.802
17.6344	67.5432	1.1756	4.5029	52.902
17.668	67.4587	1.1779	4.4972	53.002
17.7008	67.4677	1.1801	4.4978	53.102
17.7341	67.371	1.1823	4.4914	53.202
17.7669	67.2052	1.1845	4.4803	53.302
17.8006	67.246	1.1867	4.4831	53.402
17.8337	67.1372	1.1889	4.4758	53.502
17.8667	67.3868	1.1911	4.4925	53.602
17.9008	67.4773	1.1934	4.4985	53.702
17.9336	67.4433	1.1956	4.4962	53.802
17.9673	67.423	1.1978	4.4949	53.902
18.0008	67.4103	1.2001	4.494	54.002
18.0345	67.4914	1.2023	4.4994	54.102
18.0677	67.5074	1.2045	4.5005	54.202
18.1	67.4632	1.2067	4.4975	54.302
18.1331	67.3934	1.2089	4.4929	54.402
18.1664	67.3819	1.2111	4.4921	54.502
18.2005	67.4755	1.2134	4.4984	54.602
18.2342	67.4978	1.2156	4.4999	54.702
18.2675	67.5988	1.2178	4.5066	54.802
18.3006	67.5065	1.22	4.5004	54.902
18.3336	67.3986	1.2222	4.4932	55.002
18.3672	67.4289	1.2245	4.4953	55.102
18.4009	67.3394	1.2267	4.4893	55.202
18.4344	67.4202	1.229	4.4947	55.302
18.4672	67.326	1.2311	4.4884	55.402
18.4991	67.2985	1.2333	4.4866	55.502
18.5337	67.4061	1.2356	4.4937	55.602
18.5667	67.283	1.2378	4.4855	55.702
18.602	67.41	1.2401	4.494	55.802
18.6345	67.302	1.2423	4.4868	55.902
18.667	67.3781	1.2445	4.4919	56.002
18.6998	67.3452	1.2467	4.4897	56.102
18.7342	67.3697	1.2489	4.4913	56.202
18.7675	67.2357	1.2512	4.4824	56.302
18.8003	67.1777	1.2534	4.4785	56.402
18.8339	67.3181	1.2556	4.4879	56.502
18.8677	67.7025	1.2578	4.5135	56.602
18.8997	67.3758	1.26	4.4917	56.702
18.9347	67.3341	1.2623	4.4889	56.802
18.968	67.2527	1.2645	4.4835	56.902
19.0011	67.3036	1.2667	4.4869	57.002
19.0339	67.3121	1.2689	4.4875	57.102
19.0662	67.2674	1.2711	4.4845	57.202
19.1006	67.222	1.2734	4.4815	57.302
19.1331	67.1419	1.2755	4.4761	57.402
19.1675	67.3033	1.2778	4.4869	57.502
19.2008	67.4219	1.2801	4.4948	57.602
19.2333	67.4474	1.2822	4.4965	57.702
19.2677	67.4639	1.2845	4.4976	57.802
19.3003	67.3612	1.2867	4.4907	57.902
19.3345	67.4003	1.289	4.4934	58.002
19.3667	67.3	1.2911	4.4867	58.102
19.4008	67.5003	1.2934	4.5	58.202
19.4342	67.4411	1.2956	4.4961	58.302
19.4669	67.4461	1.2978	4.4964	58.402
19.4998	67.3293	1.3	4.4886	58.502
19.5339	67.3905	1.3023	4.4927	58.602
19.5678	67.4513	1.3045	4.4968	58.702
19.6017	67.4349	1.3068	4.4957	58.802
19.6339	67.4135	1.3089	4.4942	58.902
19.6666	67.3469	1.3111	4.4898	59.002
19.6992	67.2862	1.3133	4.4857	59.102
19.7339	67.4008	1.3156	4.4934	59.202
19.7686	67.5178	1.3179	4.5012	59.302
19.8008	67.4971	1.3201	4.4998	59.402
19.8334	67.3752	1.3222	4.4917	59.502
19.8659	67.3025	1.3244	4.4868	59.602
19.9009	67.4204	1.3267	4.4947	59.702
19.9352	67.3161	1.329	4.4877	59.802
19.9681	67.3368	1.3312	4.4891	59.902
19.9997	67.2561	1.3333	4.4837	60.002
20.0327	67.395	1.3355	4.493	60.102
20.0672	67.4285	1.3378	4.4952	60.202
20.1009	67.3008	1.3401	4.4867	60.302
20.1352	67.3869	1.3423	4.4925	60.402
20.1683	67.4347	1.3446	4.4956	60.502
20.1998	67.2966	1.3467	4.4864	60.602
20.2342	67.3416	1.3489	4.4894	60.702
20.267	67.1757	1.3511	4.4784	60.802
20.3008	67.1033	1.3534	4.4736	60.902
20.3341	67.0425	1.3556	4.4695	61.002
20.3666	67.1165	1.3578	4.4744	61.102
20.4005	67.2081	1.36	4.4805	61.202
20.4331	67.1123	1.3622	4.4742	61.302
20.4669	67.0343	1.3645	4.469	61.402
20.5006	66.9976	1.3667	4.4665	61.502
20.5342	67.0938	1.3689	4.4729	61.602
20.5673	67.0502	1.3712	4.47	61.702
20.6	66.9856	1.3733	4.4657	61.802
20.6337	66.9063	1.3756	4.4604	61.902
20.6662	66.7944	1.3777	4.453	62.002
20.7005	66.8587	1.38	4.4572	62.102
20.7345	66.8945	1.3823	4.4596	62.202
20.7673	66.8598	1.3845	4.4573	62.302
20.7744	66.7764	1.385	4.4518	62.326